-- phpMyAdmin SQL Dump
-- version 4.8.3
-- https://www.phpmyadmin.net/
--
-- Host: 127.0.0.1
-- Generation Time: Sep 24, 2018 at 04:35 PM
-- Server version: 10.1.35-MariaDB
-- PHP Version: 7.1.21

SET SQL_MODE = "NO_AUTO_VALUE_ON_ZERO";
SET AUTOCOMMIT = 0;
START TRANSACTION;
SET time_zone = "+00:00";


/*!40101 SET @OLD_CHARACTER_SET_CLIENT=@@CHARACTER_SET_CLIENT */;
/*!40101 SET @OLD_CHARACTER_SET_RESULTS=@@CHARACTER_SET_RESULTS */;
/*!40101 SET @OLD_COLLATION_CONNECTION=@@COLLATION_CONNECTION */;
/*!40101 SET NAMES utf8mb4 */;

--
-- Database: `perpustakaan`
--

-- --------------------------------------------------------

--
-- Table structure for table `anggota`
--

CREATE TABLE `anggota` (
  `id` int(11) NOT NULL,
  `nama` varchar(255) NOT NULL,
  `alamat` varchar(255) DEFAULT NULL,
  `telepon` varchar(50) DEFAULT NULL,
  `email` varchar(50) DEFAULT NULL,
  `status_aktif` int(11) DEFAULT '0'
) ENGINE=InnoDB DEFAULT CHARSET=latin1;

-- --------------------------------------------------------

--
-- Table structure for table `buku`
--

CREATE TABLE `buku` (
  `id` int(11) NOT NULL,
  `nama` varchar(255) NOT NULL,
  `tahun_terbit` year(4) DEFAULT NULL,
  `id_penulis` int(11) DEFAULT NULL,
  `id_penerbit` int(11) DEFAULT NULL,
  `id_kategori` int(11) DEFAULT NULL,
  `sinopsis` text,
  `sampul` varchar(255) DEFAULT NULL,
  `berkas` varchar(255) DEFAULT NULL
) ENGINE=InnoDB DEFAULT CHARSET=latin1;

--
-- Dumping data for table `buku`
--

INSERT INTO `buku` (`id`, `nama`, `tahun_terbit`, `id_penulis`, `id_penerbit`, `id_kategori`, `sinopsis`, `sampul`, `berkas`) VALUES
(1, 'buku1', 2018, 1, 2, 1, '<p>menyeramkan</p>', '1537430569_PAnduan Aplikasi sistem informasi kediklatan.jpg', '1537430569_Surat Penawaran Harga.docx'),
(2, 'buku2', 2016, 2, 1, 2, '<p>lucu aja</p>', '', ''),
(3, 'buku3', 2017, 1, 1, 1, '<p>seram</p>', '', ''),
(4, 'buku4', 2015, 2, 2, 2, '<p>lucuh</p>', '', ''),
(5, 'bukutes', 2014, 1, 2, 2, '<p>lucuan</p>', '', ''),
(6, 'buku6', 2016, 2, 1, 3, '<p>buku fiksi</p>', '', ''),
(11, 'buku fiksi', 2018, 1, 1, 3, '<p>fiksi</p>', '1537425881_IMG_20180829_064319.jpg', '1537425881_Laporan Awal - Sampul.docx');

-- --------------------------------------------------------

--
-- Table structure for table `kategori`
--

CREATE TABLE `kategori` (
  `id` int(11) NOT NULL,
  `nama` varchar(255) NOT NULL
) ENGINE=InnoDB DEFAULT CHARSET=latin1;

--
-- Dumping data for table `kategori`
--

INSERT INTO `kategori` (`id`, `nama`) VALUES
(1, 'misteri'),
(2, 'komedi'),
(3, 'fiksi'),
(4, 'non fiksi');

-- --------------------------------------------------------

--
-- Table structure for table `peminjaman`
--

CREATE TABLE `peminjaman` (
  `id` int(11) NOT NULL,
  `id_buku` int(11) NOT NULL,
  `id_anggota` int(11) NOT NULL,
  `tanggal_pinjam` date NOT NULL,
  `tanggal_kembali` date NOT NULL
) ENGINE=InnoDB DEFAULT CHARSET=latin1;

-- --------------------------------------------------------

--
-- Table structure for table `penerbit`
--

CREATE TABLE `penerbit` (
  `id` int(11) NOT NULL,
  `nama` varchar(255) DEFAULT NULL,
  `alamat` text,
  `telepon` varchar(255) DEFAULT NULL,
  `email` varchar(2555) DEFAULT NULL
) ENGINE=InnoDB DEFAULT CHARSET=latin1;

--
-- Dumping data for table `penerbit`
--

INSERT INTO `penerbit` (`id`, `nama`, `alamat`, `telepon`, `email`) VALUES
(1, 'penerbit1', 'alamat1', '081', 'bit1@tes.com'),
(2, 'penerbit2', 'alamat2', '082', 'bit2@tes.com\r\n');

-- --------------------------------------------------------

--
-- Table structure for table `penulis`
--

CREATE TABLE `penulis` (
  `id` int(11) NOT NULL,
  `nama` varchar(255) NOT NULL,
  `alamat` text,
  `telepon` varchar(255) DEFAULT NULL,
  `email` varchar(255) DEFAULT NULL
) ENGINE=InnoDB DEFAULT CHARSET=latin1;

--
-- Dumping data for table `penulis`
--

INSERT INTO `penulis` (`id`, `nama`, `alamat`, `telepon`, `email`) VALUES
(1, 'penulis1', 'alamat1', '081', 'penulis1@tes.com'),
(2, 'penulis2', 'alamat2', '082', 'penulis2@tes.com');

-- --------------------------------------------------------

--
-- Table structure for table `petugas`
--

CREATE TABLE `petugas` (
  `id` int(11) NOT NULL,
  `nama` varchar(255) NOT NULL,
  `alamat` varchar(255) DEFAULT NULL,
  `telepon` varchar(50) DEFAULT NULL,
  `email` varchar(50) DEFAULT NULL
) ENGINE=InnoDB DEFAULT CHARSET=latin1;

--
-- Dumping data for table `petugas`
--

INSERT INTO `petugas` (`id`, `nama`, `alamat`, `telepon`, `email`) VALUES
(1, 'petugas1', 'alamat1', '081', 'mail1@tes.com'),
(2, 'petugas2', 'alamat2', '082', 'mail2@tes.com');

-- --------------------------------------------------------

--
-- Table structure for table `user`
--

CREATE TABLE `user` (
  `id` int(11) NOT NULL,
  `username` varchar(255) NOT NULL,
  `password` varchar(25) NOT NULL,
  `id_anggota` int(11) DEFAULT NULL,
  `id_petugas` int(11) DEFAULT NULL,
  `id_user_role` int(11) DEFAULT NULL,
  `status` int(11) DEFAULT NULL
) ENGINE=InnoDB DEFAULT CHARSET=latin1;

--
-- Dumping data for table `user`
--

INSERT INTO `user` (`id`, `username`, `password`, `id_anggota`, `id_petugas`, `id_user_role`, `status`) VALUES
(1, 'tes1', 'tes1', 0, 0, 1, 1);

-- --------------------------------------------------------

--
-- Table structure for table `user_role`
--

CREATE TABLE `user_role` (
  `id` int(11) NOT NULL,
  `nama` varchar(255) NOT NULL
) ENGINE=InnoDB DEFAULT CHARSET=latin1;

--
-- Dumping data for table `user_role`
--

INSERT INTO `user_role` (`id`, `nama`) VALUES
(1, 'Admin'),
(2, 'Anggota'),
(3, 'Petugas');

--
-- Indexes for dumped tables
--

--
-- Indexes for table `anggota`
--
ALTER TABLE `anggota`
  ADD PRIMARY KEY (`id`);

--
-- Indexes for table `buku`
--
ALTER TABLE `buku`
  ADD PRIMARY KEY (`id`);

--
-- Indexes for table `kategori`
--
ALTER TABLE `kategori`
  ADD PRIMARY KEY (`id`);

--
-- Indexes for table `peminjaman`
--
ALTER TABLE `peminjaman`
  ADD PRIMARY KEY (`id`);

--
-- Indexes for table `penerbit`
--
ALTER TABLE `penerbit`
  ADD PRIMARY KEY (`id`);

--
-- Indexes for table `penulis`
--
ALTER TABLE `penulis`
  ADD PRIMARY KEY (`id`);

--
-- Indexes for table `petugas`
--
ALTER TABLE `petugas`
  ADD PRIMARY KEY (`id`);

--
-- Indexes for table `user`
--
ALTER TABLE `user`
  ADD PRIMARY KEY (`id`);

--
-- Indexes for table `user_role`
--
ALTER TABLE `user_role`
  ADD PRIMARY KEY (`id`);

--
-- AUTO_INCREMENT for dumped tables
--

--
-- AUTO_INCREMENT for table `anggota`
--
ALTER TABLE `anggota`
  MODIFY `id` int(11) NOT NULL AUTO_INCREMENT;

--
-- AUTO_INCREMENT for table `buku`
--
ALTER TABLE `buku`
  MODIFY `id` int(11) NOT NULL AUTO_INCREMENT, AUTO_INCREMENT=12;

--
-- AUTO_INCREMENT for table `kategori`
--
ALTER TABLE `kategori`
  MODIFY `id` int(11) NOT NULL AUTO_INCREMENT, AUTO_INCREMENT=5;

--
-- AUTO_INCREMENT for table `peminjaman`
--
ALTER TABLE `peminjaman`
  MODIFY `id` int(11) NOT NULL AUTO_INCREMENT;

--
-- AUTO_INCREMENT for table `penerbit`
--
ALTER TABLE `penerbit`
  MODIFY `id` int(11) NOT NULL AUTO_INCREMENT, AUTO_INCREMENT=3;

--
-- AUTO_INCREMENT for table `penulis`
--
ALTER TABLE `penulis`
  MODIFY `id` int(11) NOT NULL AUTO_INCREMENT, AUTO_INCREMENT=3;

--
-- AUTO_INCREMENT for table `petugas`
--
ALTER TABLE `petugas`
  MODIFY `id` int(11) NOT NULL AUTO_INCREMENT, AUTO_INCREMENT=3;

--
-- AUTO_INCREMENT for table `user`
--
ALTER TABLE `user`
  MODIFY `id` int(11) NOT NULL AUTO_INCREMENT, AUTO_INCREMENT=2;

--
-- AUTO_INCREMENT for table `user_role`
--
ALTER TABLE `user_role`
  MODIFY `id` int(11) NOT NULL AUTO_INCREMENT, AUTO_INCREMENT=4;
COMMIT;

/*!40101 SET CHARACTER_SET_CLIENT=@OLD_CHARACTER_SET_CLIENT */;
/*!40101 SET CHARACTER_SET_RESULTS=@OLD_CHARACTER_SET_RESULTS */;
/*!40101 SET COLLATION_CONNECTION=@OLD_COLLATION_CONNECTION */;
